source_id	final_id	cluster	name	status
AI-001	AI-001	ai	Prompt Library	UNCHANGED
AI-002	AI-002	ai	Lead Parser Prompt	UNCHANGED
AI-003	AI-003	ai	Lead Scoring Prompt	UNCHANGED
AI-004	AI-004	ai	Voice Note Parser Prompt	UNCHANGED
AI-005	AI-005	ai	Invoice Postprocess Prompt	UNCHANGED
AI-006	AI-006	ai	CRM Session Opener Prompt	UNCHANGED
AI-007	AI-007	ai	Precall Brief Prompt	UNCHANGED
AI-008	AI-008	ai	Voice Command Registry	UNCHANGED
ALC-001	ALC-001	alexa	N100 cache builder	UNCHANGED
ALC-002	ALC-002	alexa	Self-owned cache endpoint	UNCHANGED
ALC-003	ALC-003	alexa	Custom Alexa Skill	UNCHANGED
ALC-004	ALC-004	alexa	Alexa proactive outbound alerts	UNCHANGED
ALC-005	ALC-005	alexa	Alexa Guard passive monitoring	UNCHANGED
CAT-001	CAT-001	catalog	Catalog Intelligence: 12 Square Custom Attributes 	UNCHANGED
CAT-002	CAT-002	catalog	item_packing_profiles table (mode-dependent pan ge	UNCHANGED
CAT-003	CAT-003	catalog	item_components table (Bill of Materials for compo	UNCHANGED
CAT-004	CAT-004	catalog	item_equipment table (equipment-contention detecti	UNCHANGED
CAT-005	CAT-005	catalog	procedure_link table (catalog item → Atomic SOP wi	UNCHANGED
CAT-006	CAT-006	catalog	TCS food-safety scheduling constraint (danger-zone	UNCHANGED
CULT-001	CULT-001	culture	Taza Lexicon	UNCHANGED
CULT-002	CULT-002	culture	Instructional panel system	UNCHANGED
CULT-003	CULT-003	culture	Kitchen culture poster	UNCHANGED
CULT-004	CULT-004	culture	Visual design standard	UNCHANGED
CULT-005	CULT-005	culture	Taza OS Brain as crew member	UNCHANGED
CULT-006	CULT-006	culture	Post-event feedback loop	UNCHANGED
CULT-007	CULT-007	culture	Sandra's decision capture (photo-inferred)	UNCHANGED
CULT-008	CULT-008	culture	KB taza_way_notes field	UNCHANGED
CULT-009	CULT-009	culture	TV dashboard Lexicon header rotation	UNCHANGED
CULT-010	CULT-010	culture	Task card language standard	UNCHANGED
CULT-011	CULT-011	culture	Event completion artifact	UNCHANGED
CULT-012	CULT-012	culture	The Taza Way declaration	UNCHANGED
CX-001	CX-001	cx	Three $0 custom line item blocks on every invoice	UNCHANGED
CX-002	CX-002	cx	EVENT DETAILS block	UNCHANGED
CX-003	CX-003	cx	VENUE & LOGISTICS block	UNCHANGED
CX-004	CX-004	cx	SETUP SPECIFICATION block	UNCHANGED
CX-005	CX-005	cx	WHY context (decision rationale on invoice)	UNCHANGED
CX-006	CX-006	cx	Square Order Custom Attributes (backend)	UNCHANGED
CX-007	CX-007	cx	invoice_blocks_generator prompt	UNCHANGED
DB-001	DB-001	database	PostgreSQL DDL from canonical schema definitions	UNCHANGED
DB-002	DB-002	database	NocoDB schema + core views imported	UNCHANGED
DB-003	DB-003	database	NocoDB user roles (Nick/Sandra/Edgar)	UNCHANGED
DB-004	DB-004	database	NocoDB accessible from all operating devices	UNCHANGED
DOC-001	DOC-001	doc	Operations runbook	UNCHANGED
DOC-002	DOC-002	doc	System README	UNCHANGED
DOC-003	DOC-003	doc	Automation jobs exported as JSON for version contr	UNCHANGED
DOC-004	DOC-004	doc	Sandra 5-minute training script for Invoice Form P	UNCHANGED
EPR-001	EPR-001	emergency-print	Emergency print path	UNCHANGED
EPR-002	EPR-002	emergency-print	Phased screen-shed procedure	UNCHANGED
EPR-003	EPR-003	emergency-print	N100-priority power	UNCHANGED
EPR-004	EPR-004	emergency-print	West Wall MicroTouch + West Google TV accept no ba	UNCHANGED
EPR-007	EPR-007	emergency-print	Final UPS allocation map	UNCHANGED
HAI-001	HAI-001	hai	Sandra override path	UNCHANGED
HAI-002	HAI-002	hai	Alert format standard	UNCHANGED
HAI-003	HAI-003	hai	Event brief format	UNCHANGED
HAI-004	HAI-004	hai	Single-source truth enforcement	UNCHANGED
HAI-005	HAI-005	hai	Conflict authority hierarchy	UNCHANGED
HW-001	HW-001	hardware	N100 Core Server	UNCHANGED
HW-002	HW-002	hardware	21.5-inch Industrial Touchscreen	UNCHANGED
HW-003	HW-003	hardware	Dual MicroTouch Kitchen Displays	UNCHANGED
HW-004	HW-004	hardware	"Kitchen Display TV Cluster (2×75"" TCL ops + 55"" Fi"	UNCHANGED
HW-005	HW-005	hardware	Kitchen Ethernet Switching and Cabling	UNCHANGED
HW-006	HW-006	hardware	On-Site Crew Display Tablets	UNCHANGED
HW-007	HW-007	hardware	ER605 V2 Gateway Router (building MAC-binding solu	UNCHANGED
HW-008	HW-008	hardware	UPS for Core Stack (APC BE600M1, graceful-shutdown	UNCHANGED
HW-009	HW-009	hardware	Star TSP143IIIU Thermal Receipt Printer (emergency	UNCHANGED
INFRA-001	INFRA-001	infra	Ubuntu Host Baseline	UNCHANGED
INFRA-002	INFRA-002	infra	Core Services and Automation Runtime	UNCHANGED
INFRA-003	INFRA-003	infra	Native llama.cpp Inference Service	UNCHANGED
INFRA-004	INFRA-004	infra	CPU Throttle and Restore Controls	UNCHANGED
INFRA-005	INFRA-005	infra	Self-Owned Remote Access and Reverse Proxy	UNCHANGED
INFRA-006	INFRA-006	infra	Protected Environment Configuration	UNCHANGED
INFRA-007	INFRA-007	infra	Dedicated WebSocket broadcast server	UNCHANGED
INFRA-008	INFRA-008	infra	Delta push protocol	UNCHANGED
INFRA-009	INFRA-009	infra	Shared push/pull hybrid client library	UNCHANGED
INT-001	INT-001	integrations	Square API integration	UNCHANGED
INT-003	INT-003	integrations	Twilio SMS integration	UNCHANGED
INT-004	INT-004	integrations	AI API Integration	UNCHANGED
INT-005	INT-005	integrations	Whisper API integration	UNCHANGED
INT-006	INT-006	integrations	On-device NPU voice inference (audio never leaves 	UNCHANGED
INT-007	INT-007	integrations	Google Calendar + Places API integration	UNCHANGED
KIT-001	KITL-001	kit-legacy	Bin master table	RENAME
KIT-005	KITL-005	kit-legacy	Downstream task input manifest	RENAME
KIT-007	KITL-007	kit-legacy	LKL staleness flag	RENAME
KIT-008	KITL-008	kit-legacy	Consumed/moved LKL tracking	RENAME
KIT-010	KITL-010	kit-legacy	Staff task experience table	RENAME
KIT-012	KITL-012	kit-legacy	Supervisor PIN photo override	RENAME
KIT-013	KITL-013	kit-legacy	Error logging against staff + task	RENAME
KIT-014	KITL-014	kit-legacy	Thumbnail library table	RENAME
KIT-015	KITL-015	kit-legacy	On-the-fly BOM modification routing	RENAME
KIT-017	KITL-017	kit-legacy	Voice card closing	RENAME
KIT-020	KITL-020	kit-legacy	Binary image verification on card close	RENAME
KIT-022	KITL-022	kit-legacy	Kitchen soundscape classification	RENAME
KIT-023	KITL-023	kit-legacy	Person detection for spaghetti diagrams	RENAME
MT-001	MT-001	microtouch	MicroTouch local LKL cache	UNCHANGED
MT-002	MT-002	microtouch	MicroTouch wake word + on-device intent classifica	UNCHANGED
OPS-001	OPS-001	ops	PostgreSQL daily backup with tested restore	UNCHANGED
OPS-002	OPS-002	ops	Health monitoring (services checked every 5min)	UNCHANGED
OPS-003	OPS-003	ops	Disaster recovery procedure (<4h rebuild)	UNCHANGED
OPS-004	OPS-004	ops	Thermal management	UNCHANGED
PROD-01	PROD-01	prod	Task Engine Core (PostgreSQL Task Chains)	UNCHANGED
PROD-02	PROD-02	prod	LKL Completion Gate + PARTIAL_COMPLETE Auto-Spawn	UNCHANGED
PROD-03	PROD-03	prod	Mom's Table Kanban UI (Kitchen Task Boards)	UNCHANGED
PROD-04	PROD-04	prod	SSE Push Fabric + Kitchen Display System	UNCHANGED
PROD-05	PROD-05	prod	Shopping Web App (Staff App, Passkey Auth)	UNCHANGED
PROD-05-V2	PROD-05-V2	prod	Shopping Web App v2 (Aggregated, Vendor-Grouped, F	UNCHANGED
PROD-06	PROD-06	prod	Square Watcher Service (Deposit → Tasks Trigger)	UNCHANGED
PROD-07	PROD-07	prod	Invoice Drafting Dashboard (Brain-Dump → Confidenc	UNCHANGED
PROD-08	PROD-08	prod	Square CX Invoice Blocks + Order Attributes	UNCHANGED
PROD-09	PROD-09	prod	Catalog Operational Tables (Tier 2 BOM/Packing/Equ	UNCHANGED
PROD-10	PROD-10	prod	Inference Concurrency Infra (Confidence Routing + 	UNCHANGED
PROD-11	PROD-11	prod	Emergency Print Path (Power-Fail Ops Truth)	UNCHANGED
PROD-12	PROD-12	prod	Staff PIN Auth + Experience-Gated Photo (Kitchen A	UNCHANGED
PROD-13	PROD-13	prod	Zebra On-Demand Crew Labels (Type A, Kanban-Tied)	UNCHANGED
PROD-14	PROD-14	prod	Square Nested Modifier Decision Tree (Upsell + All	UNCHANGED
PROD-15	PROD-15	prod	Cooking & Recipes Spec (Sandra Interview-Derived)	UNCHANGED
PROD-16	PROD-16	prod	Packing & Carrier Logistics (Pan Geometry, 3-Zone 	UNCHANGED
PROD-16-V2	PROD-16-V2	prod	Deterministic Packing Solver + Backward Event Sche	UNCHANGED
PROD-17	PROD-17	prod	Staffing Model & Scheduling (Guest-Count Interpola	UNCHANGED
PROD-18	PROD-18	prod	Business Logic Knowledge Graph (Temporal, Conditio	UNCHANGED
PROD-19	PROD-19	prod	Structured Task-Close Capture (Equipment, Allergen	UNCHANGED
PROD-20	PROD-20	prod	System Event Bus (Cross-Module Nervous System)	UNCHANGED
PROD-21	PROD-21	prod	Inbox Promotion (Raw Input Staging + Validation)	UNCHANGED
PROD-22	PROD-22	prod	Audit Log (Append-Only Write History)	UNCHANGED
PROD-23	PROD-23	prod	Exception Router (Gentle Failure Handling)	UNCHANGED
PROD-24	PROD-24	prod	Cache/Precompute Router (Inference Demand Reductio	UNCHANGED
PROD-25	PROD-25	prod	Unified Notifier (SMS/ntfy Routing)	UNCHANGED
PROD-26	PROD-26	prod	Runtime Configuration (Env-Var Service Endpoints)	UNCHANGED
PROD-27	PROD-27	prod	Database Access Layer (Connection + Query + Audit-	UNCHANGED
PROD-28	PROD-28	prod	System Health Monitor (Service/Temp/UPS Status)	UNCHANGED
PROD-29	PROD-29	prod	Crew Event Tablet / Hospitality Coaching Display (	UNCHANGED
PROD-34	PROD-34	prod	MT8390 NPU V1.x Capabilities (Kitchen Vibe Index, 	UNCHANGED
PROD-36	PROD-36	prod	Inventory Lot Tracking & MT2 Dashboard (Parent-Chi	UNCHANGED
PROD-37	PROD-37	prod	Voice/NPU Card Close Verification Layer	UNCHANGED
PROD-38	PROD-38	prod	Canonical Task Close Contract (TaskCloseEvent)	UNCHANGED
REQ-CI-001	CI-001	ci	External watchdog / dead-man's switch	RENAME
REQ-CI-002	CI-002	ci	SPC health monitor over system_metrics	RENAME
REQ-CI-003	CI-003	ci	Replay-DOE harness + TQAI scorer + human-gated Mor	RENAME
REQ-TELE-001	TELE-001	telemetry	Append-only telemetry capture tables	RENAME
REQ-TELE-002	TELE-002	telemetry	Inference call + human correction logging	RENAME
SCREEN-01	SCREEN-001	screens	Mom's Table Kanban Board (taza-card-table.html, MT	RENAME
SCREEN-02	SCREEN-002	screens	TCL East Situational Display (tcl1-east.html)	RENAME
SCREEN-03	SCREEN-003	screens	TCL West Prep Display (tcl2-west.html)	RENAME
SCREEN-04	SCREEN-004	screens	Van Loadout Scoreboard (van-loadout.html, Insignia	RENAME
SCREEN-05	SCREEN-005	screens	z33 Gamemaster Display (z33-gamemaster.html)	RENAME
SCREEN-06	SCREEN-006	screens	System Health Dashboard (dashboard.py, :9000)	RENAME
SCREEN-07	SCREEN-007	screens	Crew Service / Emergency Page (server_mini.py, :90	RENAME
SCREEN-08	SCREEN-008	screens	Crew Event Display v1 (taza-crew-display.html, Gal	RENAME
SCREEN-09	SCREEN-009	screens	Invoice Form PWA (:3002)	RENAME
SCREEN-10	SCREEN-010	screens	CRM Session PWA (:3001)	RENAME
SCREEN-11	SCREEN-011	screens	Shopping Staff Web App	RENAME
SCREEN-12	SCREEN-012	screens	"50"" Onboarding/Orientation Display (not yet networ"	RENAME
SEC-001	SEC-001	security	Voice audio encryption + PII handling + secrets hy	UNCHANGED
SEC-002	SEC-002	security	Zero public inbound ports; authenticated remote ac	UNCHANGED
SEC-003	SEC-003	security	NocoDB authentication + session timeout	UNCHANGED
SEC-004	SEC-004	security	N100 host firewall (UFW) audit	UNCHANGED
SSB-001	SSB-001	ssb	TV dashboard event progress view	UNCHANGED
SSB-002	SSB-002	ssb	TV dashboard glanceability standard	UNCHANGED
SSB-003	SSB-003	ssb	Completed item persistence on TV display	UNCHANGED
SSB-004	SSB-004	ssb	Bin location shown inline on TV display	UNCHANGED
SSB-005	SSB-005	ssb	Partial completion visual indicator	UNCHANGED
SSB-006	SSB-006	ssb	Team member active task indicator	UNCHANGED
SSB-007	SSB-007	ssb	Event cadence indicator	UNCHANGED
SW-001	SW-001	software	Inference endpoint as environment variable	UNCHANGED
SW-002	SW-002	software	Model split: fast classifier vs extraction model	UNCHANGED
SW-003	SW-003	software	Context window right-sizing per task type	UNCHANGED
SW-004	SW-004	software	JSON parse retry loop with human-review fallback	UNCHANGED
SW-005	SW-005	software	Few-shot examples in extraction prompts	UNCHANGED
SW-006	SW-006	software	NocoDB Lookup-First Gate	UNCHANGED
SW-007	SW-007	software	Input-stress-aware routing pre-processor	UNCHANGED
SW-008	SW-008	software	Two-model routing architecture	UNCHANGED
SW-009	SW-009	software	Post-event feedback logging node	UNCHANGED
SW-010	SW-010	software	Pipelined Workflow Execution	UNCHANGED
SW-011	SW-011	software	Local Square Menu Cache (midnight sync to PostgreS	UNCHANGED
SW-012	SW-012	software	Structured-Output Hardening (input isolation + out	UNCHANGED
SW-013	SW-013	software	Telemetry Capture Layer	UNCHANGED
TV-001	TV-001	tv	Wake-on-LAN + auto dashboard launch	UNCHANGED
TV-002	TV-002	tv	Network presence monitoring	UNCHANGED
TV-003	TV-003	tv	Google Home voice navigation (content switching)	UNCHANGED
TV-004	TV-004	tv	Emergency fallback static page	UNCHANGED
TV-005	TV-005	tv	TTS audio alerts via TV speakers	UNCHANGED
TV-006	TV-006	tv	Dynamic content mode switching	UNCHANGED
TV-007	TV-007	tv	TV watchdog + Chrome auto-relaunch	UNCHANGED
TV-011	TV-011	tv	Google Assistant Local Fulfillment	UNCHANGED
TV-012	TV-012	tv	TV dashboard PWA via self-owned domain	UNCHANGED
UI-001	UI-001	ui	CRM Session PWA	UNCHANGED
UI-002	UI-002	ui	Invoice Form PWA	UNCHANGED
UI-003	UI-003	ui	TV kiosk auto-boot views	UNCHANGED
UI-004	UI-004	ui	"21.5"" touchscreen bookmarks and kiosk config"	UNCHANGED
UI-005	UI-005	ui	MicroTouch kiosk configuration	UNCHANGED
URS-CALL-001	CALL-001	uncategorized	Consent-Gated Recording Trigger	RENAME
URS-CALL-002	CALL-002	uncategorized	Native iOS Call Recording Integration	RENAME
URS-CALL-003	CALL-003	uncategorized	Post-Call Transcript Review & Edit	RENAME
URS-CALL-004	CALL-004	uncategorized	Manual Brain-Dump Fallback	RENAME
URS-CALL-005	CALL-005	uncategorized	Submit-to-CRM Handoff	RENAME
URS-CALL-006	CALL-006	uncategorized	Consent Audit Trail	RENAME
URS-CREW-001	CREW-001	crew	Crew display operates offline as a full-screen PWA	RENAME
URS-CREW-002	CREW-002	crew	Crew display accepts complete event setup	RENAME
URS-CREW-003	CREW-003	crew	Crew display presents client story before prompts	RENAME
URS-CREW-004	CREW-004	crew	Crew display cycles hospitality prompts and stays 	RENAME
URS-CRM-001	CRM-001	uncategorized	Prospect Intake & Central Record	RENAME
URS-CRM-002	CRM-002	uncategorized	Pipeline Stage Model	RENAME
URS-CRM-003	CRM-003	uncategorized	Follow-Up Task & Auto-Nag Engine	RENAME
URS-CRM-004	CRM-004	uncategorized	Stale/Ghosted Lead Detection & Resolution	RENAME
URS-CRM-005	CRM-005	uncategorized	Event/Opportunity Detail Record	RENAME
URS-CRM-006	CRM-006	uncategorized	Contact Activity Timeline	RENAME
URS-CRM-007	CRM-007	uncategorized	Cloudflare Zero Trust Hosting	RENAME
URS-CRM-008	CRM-008	uncategorized	Call Note Intake Bridge	RENAME
URS-CRM-009	CRM-009	uncategorized	Interruption-Safe Quick Capture	RENAME
URS-DISP-001	DISP-001	display	Each display has one canonical primary role	RENAME
URS-DISP-002	DISP-002	display	Display mode is resolved deterministically from op	RENAME
URS-DISP-003	DISP-003	display	TCL East presents situational awareness by mode	RENAME
URS-DISP-004	DISP-004	display	TCL West presents prep execution by mode	RENAME
URS-DISP-005	DISP-005	display	Van Scoreboard exposes loadout readiness by mode	RENAME
URS-DISP-006	DISP-006	display	Critical display state cannot be displaced by voic	RENAME
URS-DISP-PKG	DISP-PKG	display	Display Fleet Content & Mode Architecture	RENAME
URS-EVENT-001	EVENT-001	event	System event envelope preserves correlation and pr	RENAME
URS-EVENT-002	EVENT-002	event	Exceptions are persisted before notification	RENAME
URS-HEALTH-001	HEALTH-001	health	Health dashboard covers event-critical infrastruct	RENAME
URS-HEALTH-002	HEALTH-002	health	Emergency status remains accessible from a phone	RENAME
URS-HEALTH-003	HEALTH-003	health	Emergency path prints essential operating packet	RENAME
URS-HEALTH-004	HEALTH-004	health	Health and emergency services survive reboot	RENAME
URS-HEALTH-005	HEALTH-005	health	Stale or missing health data fails visibly	RENAME
URS-INV-001	INV-001	inventory	Kanban closure creates inventory transaction	RENAME
URS-INV-002	INV-002	inventory	Inventory supports parent-child lot lineage	RENAME
URS-INV-003	INV-003	inventory	Inventory lot retains complete traceability fields	RENAME
URS-INV-004	INV-004	inventory	Inventory closures can propose labels	RENAME
URS-INV-005	INV-005	inventory	MT2 inventory dashboard shows drawdown, age, bins,	RENAME
URS-KANBAN-001	KANBAN-001	kanban	Kanban board uses hand, table, and done workflow s	RENAME
URS-KANBAN-002	KANBAN-002	kanban	Kanban close captures accountable handoff	RENAME
URS-KANBAN-003	KANBAN-003	kanban	Kanban cards expose urgency, allergen, and depende	RENAME
URS-KANBAN-004	KANBAN-004	kanban	Short Stop preserves partial work and creates resi	RENAME
URS-KANBAN-005	KANBAN-005	kanban	Kanban completion publishes downstream state chang	RENAME
URS-KIT-101	KIT-101	kit	Equipment cleaning creates auditable closing cards	RENAME
URS-KIT-102	KIT-102	kit	Receiving sets persistent allergen flags	RENAME
URS-KIT-103	KIT-103	kit	Van-load card requires complete departure checklis	RENAME
URS-KIT-104	KIT-104	kit	Prep close captures portion count and size	RENAME
URS-KIT-105	KIT-105	kit	Shopping check-off captures actual substitution	RENAME
URS-KIT-106	KIT-106	kit	Vendor substitution reliability triggers review	RENAME
URS-KIT-107	KIT-107	kit	Random bonus cards collect food-safety temperature	RENAME
URS-KIT-METHOD-001	KIT-METHOD-001	kit	Taza Method cards use distinct visual identity	RENAME
URS-KIT-METHOD-002	KIT-METHOD-002	kit	First encounter plays Taza Method animation	RENAME
URS-KIT-METHOD-003	KIT-METHOD-003	kit	First encounter requires method acknowledgment	RENAME
URS-KIT-METHOD-004	KIT-METHOD-004	kit	Method cards expose inline Show Me instruction	RENAME
URS-KIT-METHOD-005	KIT-METHOD-005	kit	Questions reward both learner and teacher	RENAME
URS-KIT-METHOD-006	KIT-METHOD-006	kit	Correct method closures produce streaks and leader	RENAME
URS-KIT-METHOD-PKG	KIT-METHOD-PKG	kit	Taza Method Card Experience	RENAME
URS-LABEL-001	LABEL-001	label	Type A label contains internal pedigree essentials	RENAME
URS-LABEL-003	LABEL-003	label	Label QR resolves to canonical batch details	RENAME
URS-LABEL-004	LABEL-004	label	FaviQR graphics use threshold-only monochrome conv	RENAME
URS-LABEL-005	LABEL-005	label	Production labels print through Ethernet ZPL only	RENAME
URS-LABEL-006	LABEL-006	label	Label printing is confirmable, logged, reprintable	RENAME
URS-LKL-001	LKL-001	lkl	Location capture gates location-changing task clos	RENAME
URS-LKL-002	LKL-002	lkl	LKL record preserves operational provenance	RENAME
URS-LKL-003	LKL-003	lkl	LKL lookup returns results rapidly, ideally  in un	RENAME
URS-LKL-004	LKL-004	lkl	LKL updates publish to all consuming surfaces	RENAME
URS-LKL-PKG	LKL-PKG	lkl	Last Known Location Truth Capture & Lookup	RENAME
URS-MOB-001	MOB-001	mobile	Staff mobile access requires passkey authenticatio	RENAME
URS-MOB-002	MOB-002	mobile	Staff mobile shopping view is vendor-grouped	RENAME
URS-MOB-003	MOB-003	mobile	Staff mobile view provides current event awareness	RENAME
URS-MOB-004	MOB-004	mobile	Staff mobile updates preserve one source of truth	RENAME
URS-MOB-005	MOB-005	mobile	Mobile optimistic updates expose and recover confl	RENAME
URS-MOB-PKG	MOB-PKG	mobile	Staff Mobile Application Surface	RENAME
URS-PLAN-001	PLAN-001	planner	Visibility the Fork Model	RENAME
URS-PLAN-002	PLAN-002	planner	Per-Event Access Control Guest Attribution	RENAME
URS-PLAN-003	PLAN-003	planner	Real-Time Collaborative Layout Editing	RENAME
URS-PLAN-004	PLAN-004	planner	Draft/Locked Workflow	RENAME
URS-PLAN-005	PLAN-005	planner	Room Capture AI Room Intelligence Capacity Check	RENAME
URS-PLAN-006	PLAN-006	planner	Change Tracking Staff Notification	RENAME
URS-PLAN-007	PLAN-007	planner	Offline-Tolerant Client	RENAME
URS-PLAN-008	PLAN-008	planner	Tiered Billing Enforcement	RENAME
URS-PLAN-PKG	PLAN-PKG	planner	Planner Portal: Seating Layout & Room Intelligence	RENAME
URS-SYS-INTENT-001	SYS-INTENT-001	uncategorized	Overall System Intent	RENAME
V1.0-IG	V1.0-IG	uncategorized	Taza Input Grammar + Clarification Nudging + Confi	UNCHANGED
W1	W1	workflows	Lead Capture	UNCHANGED
W10	W10	workflows	Google Calendar Sync	UNCHANGED
W11	W11	workflows	Change Log Writer	UNCHANGED
W12	W12	workflows	Hourly Review Workflow	UNCHANGED
W13	W13	workflows	Reminder & Alert Workflow	UNCHANGED
W14	W14	workflows	Voice Feedback Processor (Four-Path Routing)	UNCHANGED
W15	W15	workflows	Day-of BEO & Event Timeline Generator	UNCHANGED
W2	W2	workflows	Lead Scoring	UNCHANGED
W3	W3	workflows	Pre-Call Brief SMS	UNCHANGED
W4	W4	workflows	CRM Interview Session	UNCHANGED
W5	W5	workflows	CRM Voice Input Handler	UNCHANGED
W6	W6	workflows	Nightly CRM Deep Analysis	UNCHANGED
W7	W7	workflows	Invoice Draft Workflow	UNCHANGED
W9	W9	workflows	Square Menu Sync	UNCHANGED
