cap_gib,pages_limit,load_ok,load_s,gtt_used_gib,gtt_total_gib,batch_ok,batch_total,gen_tps_avg,per_task,server_errs,ts
50.0,13107200,1,0.0,26.87,50.0,12,12,23.1,"[{""name"": ""qa-mult"", ""ok"": 1, ""err"": """", ""gen_tps"": 23.2, ""prompt_n"": 25, ""pred_n"": 69, ""wall_s"": 3.5, ""tool_ok"": 0}, {""name"": ""bash-ls5"", ""ok"": 1, ""err"": """", ""gen_tps"": 23.2, ""prompt_n"": 30, ""pred_n"": 200, ""wall_s"": 9.1, ""tool_ok"": 0}, {""name"": ""py-nth-prime"", ""ok"": 1, ""err"": """", ""gen_tps"": 23.2, ""prompt_n"": 21, ""pred_n"": 200, ""wall_s"": 9.0, ""tool_ok"": 0}, {""name"": ""bash-wc"", ""ok"": 1, ""err"": """", ""gen_tps"": 23.2, ""prompt_n"": 22, ""pred_n"": 148, ""wall_s"": 6.8, ""tool_ok"": 0}, {""name"": ""exit-code"", ""ok"": 1, ""err"": """", ""gen_tps"": 23.2, ""prompt_n"": 26, ""pred_n"": 89, ""wall_s"": 4.3, ""tool_ok"": 0}, {""name"": ""tool-run-shell"", ""ok"": 1, ""err"": """", ""gen_tps"": 23.1, ""prompt_n"": 277, ""pred_n"": 42, ""wall_s"": 3.5, ""tool_ok"": 1}, {""name"": ""tool-calc"", ""ok"": 1, ""err"": """", ""gen_tps"": 23.1, ""prompt_n"": 278, ""pred_n"": 52, ""wall_s"": 4.0, ""tool_ok"": 1}, {""name"": ""qa-capital"", ""ok"": 1, ""err"": """", ""gen_tps"": 23.2, ""prompt_n"": 20, ""pred_n"": 64, ""wall_s"": 3.2, ""tool_ok"": 0}, {""name"": ""vis-color"", ""ok"": 1, ""err"": """", ""gen_tps"": 22.9, ""prompt_n"": 1045, ""pred_n"": 73, ""wall_s"": 10.9, ""tool_ok"": 0}, {""name"": ""vis-circles"", ""ok"": 1, ""err"": """", ""gen_tps"": 22.4, ""prompt_n"": 1083, ""pred_n"": 25, ""wall_s"": 10.1, ""tool_ok"": 0}, {""name"": ""vis-ocr-screen"", ""ok"": 1, ""err"": """", ""gen_tps"": 23.0, ""prompt_n"": 1063, ""pred_n"": 200, ""wall_s"": 17.3, ""tool_ok"": 0}, {""name"": ""vis-desc-screen"", ""ok"": 1, ""err"": """", ""gen_tps"": 22.9, ""prompt_n"": 1055, ""pred_n"": 200, ""wall_s"": 17.3, ""tool_ok"": 0}]",[],2026-08-25 07:35:57
47.0,12320768,1,6.0,26.83,50.0,12,12,23.1,"[{""name"": ""qa-mult"", ""ok"": 1, ""err"": """", ""gen_tps"": 23.2, ""prompt_n"": 25, ""pred_n"": 18, ""wall_s"": 1.2, ""tool_ok"": 0}, {""name"": ""bash-ls5"", ""ok"": 1, ""err"": """", ""gen_tps"": 23.2, ""prompt_n"": 30, ""pred_n"": 200, ""wall_s"": 9.1, ""tool_ok"": 0}, {""name"": ""py-nth-prime"", ""ok"": 1, ""err"": """", ""gen_tps"": 23.2, ""prompt_n"": 21, ""pred_n"": 200, ""wall_s"": 9.0, ""tool_ok"": 0}, {""name"": ""bash-wc"", ""ok"": 1, ""err"": """", ""gen_tps"": 23.1, ""prompt_n"": 22, ""pred_n"": 200, ""wall_s"": 9.1, ""tool_ok"": 0}, {""name"": ""exit-code"", ""ok"": 1, ""err"": """", ""gen_tps"": 23.2, ""prompt_n"": 26, ""pred_n"": 110, ""wall_s"": 5.2, ""tool_ok"": 0}, {""name"": ""tool-run-shell"", ""ok"": 1, ""err"": """", ""gen_tps"": 23.0, ""prompt_n"": 277, ""pred_n"": 47, ""wall_s"": 3.7, ""tool_ok"": 1}, {""name"": ""tool-calc"", ""ok"": 1, ""err"": """", ""gen_tps"": 23.1, ""prompt_n"": 278, ""pred_n"": 52, ""wall_s"": 4.0, ""tool_ok"": 1}, {""name"": ""qa-capital"", ""ok"": 1, ""err"": """", ""gen_tps"": 23.1, ""prompt_n"": 20, ""pred_n"": 62, ""wall_s"": 3.1, ""tool_ok"": 0}, {""name"": ""vis-color"", ""ok"": 1, ""err"": """", ""gen_tps"": 22.9, ""prompt_n"": 1045, ""pred_n"": 74, ""wall_s"": 10.9, ""tool_ok"": 0}, {""name"": ""vis-circles"", ""ok"": 1, ""err"": """", ""gen_tps"": 22.9, ""prompt_n"": 1083, ""pred_n"": 32, ""wall_s"": 10.4, ""tool_ok"": 0}, {""name"": ""vis-ocr-screen"", ""ok"": 1, ""err"": """", ""gen_tps"": 22.9, ""prompt_n"": 1063, ""pred_n"": 200, ""wall_s"": 17.4, ""tool_ok"": 0}, {""name"": ""vis-desc-screen"", ""ok"": 1, ""err"": """", ""gen_tps"": 23.0, ""prompt_n"": 1055, ""pred_n"": 200, ""wall_s"": 17.3, ""tool_ok"": 0}]",[],2026-08-25 07:38:05
44.0,11534336,1,5.0,26.83,50.0,12,12,23.1,"[{""name"": ""qa-mult"", ""ok"": 1, ""err"": """", ""gen_tps"": 23.1, ""prompt_n"": 25, ""pred_n"": 18, ""wall_s"": 1.2, ""tool_ok"": 0}, {""name"": ""bash-ls5"", ""ok"": 1, ""err"": """", ""gen_tps"": 23.2, ""prompt_n"": 30, ""pred_n"": 200, ""wall_s"": 9.1, ""tool_ok"": 0}, {""name"": ""py-nth-prime"", ""ok"": 1, ""err"": """", ""gen_tps"": 23.2, ""prompt_n"": 21, ""pred_n"": 200, ""wall_s"": 9.0, ""tool_ok"": 0}, {""name"": ""bash-wc"", ""ok"": 1, ""err"": """", ""gen_tps"": 23.2, ""prompt_n"": 22, ""pred_n"": 176, ""wall_s"": 8.0, ""tool_ok"": 0}, {""name"": ""exit-code"", ""ok"": 1, ""err"": """", ""gen_tps"": 23.1, ""prompt_n"": 26, ""pred_n"": 101, ""wall_s"": 4.8, ""tool_ok"": 0}, {""name"": ""tool-run-shell"", ""ok"": 1, ""err"": """", ""gen_tps"": 23.0, ""prompt_n"": 277, ""pred_n"": 42, ""wall_s"": 3.5, ""tool_ok"": 1}, {""name"": ""tool-calc"", ""ok"": 1, ""err"": """", ""gen_tps"": 23.0, ""prompt_n"": 278, ""pred_n"": 52, ""wall_s"": 4.0, ""tool_ok"": 1}, {""name"": ""qa-capital"", ""ok"": 1, ""err"": """", ""gen_tps"": 23.1, ""prompt_n"": 20, ""pred_n"": 62, ""wall_s"": 3.1, ""tool_ok"": 0}, {""name"": ""vis-color"", ""ok"": 1, ""err"": """", ""gen_tps"": 22.9, ""prompt_n"": 1045, ""pred_n"": 54, ""wall_s"": 10.0, ""tool_ok"": 0}, {""name"": ""vis-circles"", ""ok"": 1, ""err"": """", ""gen_tps"": 22.9, ""prompt_n"": 1083, ""pred_n"": 25, ""wall_s"": 10.1, ""tool_ok"": 0}, {""name"": ""vis-ocr-screen"", ""ok"": 1, ""err"": """", ""gen_tps"": 23.0, ""prompt_n"": 1063, ""pred_n"": 200, ""wall_s"": 17.4, ""tool_ok"": 0}, {""name"": ""vis-desc-screen"", ""ok"": 1, ""err"": """", ""gen_tps"": 22.9, ""prompt_n"": 1055, ""pred_n"": 200, ""wall_s"": 17.3, ""tool_ok"": 0}]",[],2026-08-25 07:40:05
40.0,10485760,1,5.0,26.83,50.0,12,12,23.1,"[{""name"": ""qa-mult"", ""ok"": 1, ""err"": """", ""gen_tps"": 23.1, ""prompt_n"": 25, ""pred_n"": 18, ""wall_s"": 1.2, ""tool_ok"": 0}, {""name"": ""bash-ls5"", ""ok"": 1, ""err"": """", ""gen_tps"": 23.2, ""prompt_n"": 30, ""pred_n"": 200, ""wall_s"": 9.1, ""tool_ok"": 0}, {""name"": ""py-nth-prime"", ""ok"": 1, ""err"": """", ""gen_tps"": 23.2, ""prompt_n"": 21, ""pred_n"": 200, ""wall_s"": 9.0, ""tool_ok"": 0}, {""name"": ""bash-wc"", ""ok"": 1, ""err"": """", ""gen_tps"": 23.2, ""prompt_n"": 22, ""pred_n"": 200, ""wall_s"": 9.0, ""tool_ok"": 0}, {""name"": ""exit-code"", ""ok"": 1, ""err"": """", ""gen_tps"": 23.2, ""prompt_n"": 26, ""pred_n"": 121, ""wall_s"": 5.7, ""tool_ok"": 0}, {""name"": ""tool-run-shell"", ""ok"": 1, ""err"": """", ""gen_tps"": 23.0, ""prompt_n"": 277, ""pred_n"": 43, ""wall_s"": 3.5, ""tool_ok"": 1}, {""name"": ""tool-calc"", ""ok"": 1, ""err"": """", ""gen_tps"": 23.1, ""prompt_n"": 278, ""pred_n"": 52, ""wall_s"": 4.0, ""tool_ok"": 1}, {""name"": ""qa-capital"", ""ok"": 1, ""err"": """", ""gen_tps"": 23.2, ""prompt_n"": 20, ""pred_n"": 58, ""wall_s"": 2.9, ""tool_ok"": 0}, {""name"": ""vis-color"", ""ok"": 1, ""err"": """", ""gen_tps"": 23.0, ""prompt_n"": 1045, ""pred_n"": 67, ""wall_s"": 10.6, ""tool_ok"": 0}, {""name"": ""vis-circles"", ""ok"": 1, ""err"": """", ""gen_tps"": 22.8, ""prompt_n"": 1083, ""pred_n"": 26, ""wall_s"": 10.1, ""tool_ok"": 0}, {""name"": ""vis-ocr-screen"", ""ok"": 1, ""err"": """", ""gen_tps"": 22.9, ""prompt_n"": 1063, ""pred_n"": 200, ""wall_s"": 17.4, ""tool_ok"": 0}, {""name"": ""vis-desc-screen"", ""ok"": 1, ""err"": """", ""gen_tps"": 22.9, ""prompt_n"": 1055, ""pred_n"": 200, ""wall_s"": 17.3, ""tool_ok"": 0}]",[],2026-08-25 07:43:23
36.0,9437184,1,5.0,26.83,50.0,12,12,23.1,"[{""name"": ""qa-mult"", ""ok"": 1, ""err"": """", ""gen_tps"": 23.2, ""prompt_n"": 25, ""pred_n"": 18, ""wall_s"": 1.2, ""tool_ok"": 0}, {""name"": ""bash-ls5"", ""ok"": 1, ""err"": """", ""gen_tps"": 23.3, ""prompt_n"": 30, ""pred_n"": 200, ""wall_s"": 9.1, ""tool_ok"": 0}, {""name"": ""py-nth-prime"", ""ok"": 1, ""err"": """", ""gen_tps"": 23.3, ""prompt_n"": 21, ""pred_n"": 200, ""wall_s"": 9.0, ""tool_ok"": 0}, {""name"": ""bash-wc"", ""ok"": 1, ""err"": """", ""gen_tps"": 23.2, ""prompt_n"": 22, ""pred_n"": 200, ""wall_s"": 9.0, ""tool_ok"": 0}, {""name"": ""exit-code"", ""ok"": 1, ""err"": """", ""gen_tps"": 23.2, ""prompt_n"": 26, ""pred_n"": 100, ""wall_s"": 4.8, ""tool_ok"": 0}, {""name"": ""tool-run-shell"", ""ok"": 1, ""err"": """", ""gen_tps"": 23.1, ""prompt_n"": 277, ""pred_n"": 47, ""wall_s"": 3.7, ""tool_ok"": 1}, {""name"": ""tool-calc"", ""ok"": 1, ""err"": """", ""gen_tps"": 23.1, ""prompt_n"": 278, ""pred_n"": 52, ""wall_s"": 4.0, ""tool_ok"": 1}, {""name"": ""qa-capital"", ""ok"": 1, ""err"": """", ""gen_tps"": 23.2, ""prompt_n"": 20, ""pred_n"": 63, ""wall_s"": 3.2, ""tool_ok"": 0}, {""name"": ""vis-color"", ""ok"": 1, ""err"": """", ""gen_tps"": 23.0, ""prompt_n"": 1045, ""pred_n"": 72, ""wall_s"": 10.8, ""tool_ok"": 0}, {""name"": ""vis-circles"", ""ok"": 1, ""err"": """", ""gen_tps"": 22.8, ""prompt_n"": 1083, ""pred_n"": 26, ""wall_s"": 10.1, ""tool_ok"": 0}, {""name"": ""vis-ocr-screen"", ""ok"": 1, ""err"": """", ""gen_tps"": 23.0, ""prompt_n"": 1063, ""pred_n"": 200, ""wall_s"": 17.4, ""tool_ok"": 0}, {""name"": ""vis-desc-screen"", ""ok"": 1, ""err"": """", ""gen_tps"": 23.0, ""prompt_n"": 1055, ""pred_n"": 200, ""wall_s"": 17.3, ""tool_ok"": 0}]",[],2026-08-25 07:45:36
30.0,7864320,1,5.0,26.83,50.0,12,12,23.1,"[{""name"": ""qa-mult"", ""ok"": 1, ""err"": """", ""gen_tps"": 23.1, ""prompt_n"": 25, ""pred_n"": 18, ""wall_s"": 1.2, ""tool_ok"": 0}, {""name"": ""bash-ls5"", ""ok"": 1, ""err"": """", ""gen_tps"": 23.2, ""prompt_n"": 30, ""pred_n"": 200, ""wall_s"": 9.1, ""tool_ok"": 0}, {""name"": ""py-nth-prime"", ""ok"": 1, ""err"": """", ""gen_tps"": 23.2, ""prompt_n"": 21, ""pred_n"": 200, ""wall_s"": 9.0, ""tool_ok"": 0}, {""name"": ""bash-wc"", ""ok"": 1, ""err"": """", ""gen_tps"": 23.2, ""prompt_n"": 22, ""pred_n"": 144, ""wall_s"": 6.6, ""tool_ok"": 0}, {""name"": ""exit-code"", ""ok"": 1, ""err"": """", ""gen_tps"": 23.2, ""prompt_n"": 26, ""pred_n"": 99, ""wall_s"": 4.7, ""tool_ok"": 0}, {""name"": ""tool-run-shell"", ""ok"": 1, ""err"": """", ""gen_tps"": 23.0, ""prompt_n"": 277, ""pred_n"": 43, ""wall_s"": 3.5, ""tool_ok"": 1}, {""name"": ""tool-calc"", ""ok"": 1, ""err"": """", ""gen_tps"": 23.1, ""prompt_n"": 278, ""pred_n"": 52, ""wall_s"": 4.0, ""tool_ok"": 1}, {""name"": ""qa-capital"", ""ok"": 1, ""err"": """", ""gen_tps"": 23.2, ""prompt_n"": 20, ""pred_n"": 62, ""wall_s"": 3.1, ""tool_ok"": 0}, {""name"": ""vis-color"", ""ok"": 1, ""err"": """", ""gen_tps"": 22.9, ""prompt_n"": 1045, ""pred_n"": 68, ""wall_s"": 10.7, ""tool_ok"": 0}, {""name"": ""vis-circles"", ""ok"": 1, ""err"": """", ""gen_tps"": 22.8, ""prompt_n"": 1083, ""pred_n"": 35, ""wall_s"": 10.5, ""tool_ok"": 0}, {""name"": ""vis-ocr-screen"", ""ok"": 1, ""err"": """", ""gen_tps"": 22.9, ""prompt_n"": 1063, ""pred_n"": 200, ""wall_s"": 17.4, ""tool_ok"": 0}, {""name"": ""vis-desc-screen"", ""ok"": 1, ""err"": """", ""gen_tps"": 22.9, ""prompt_n"": 1055, ""pred_n"": 200, ""wall_s"": 17.3, ""tool_ok"": 0}]",[],2026-08-25 07:47:37
28.0,7340032,1,5.0,26.83,50.0,12,12,23.1,"[{""name"": ""qa-mult"", ""ok"": 1, ""err"": """", ""gen_tps"": 23.1, ""prompt_n"": 25, ""pred_n"": 18, ""wall_s"": 1.2, ""tool_ok"": 0}, {""name"": ""bash-ls5"", ""ok"": 1, ""err"": """", ""gen_tps"": 23.2, ""prompt_n"": 30, ""pred_n"": 200, ""wall_s"": 9.1, ""tool_ok"": 0}, {""name"": ""py-nth-prime"", ""ok"": 1, ""err"": """", ""gen_tps"": 23.2, ""prompt_n"": 21, ""pred_n"": 200, ""wall_s"": 9.0, ""tool_ok"": 0}, {""name"": ""bash-wc"", ""ok"": 1, ""err"": """", ""gen_tps"": 23.2, ""prompt_n"": 22, ""pred_n"": 198, ""wall_s"": 9.0, ""tool_ok"": 0}, {""name"": ""exit-code"", ""ok"": 1, ""err"": """", ""gen_tps"": 23.2, ""prompt_n"": 26, ""pred_n"": 81, ""wall_s"": 4.0, ""tool_ok"": 0}, {""name"": ""tool-run-shell"", ""ok"": 1, ""err"": """", ""gen_tps"": 23.0, ""prompt_n"": 277, ""pred_n"": 47, ""wall_s"": 3.7, ""tool_ok"": 1}, {""name"": ""tool-calc"", ""ok"": 1, ""err"": """", ""gen_tps"": 23.1, ""prompt_n"": 278, ""pred_n"": 52, ""wall_s"": 4.0, ""tool_ok"": 1}, {""name"": ""qa-capital"", ""ok"": 1, ""err"": """", ""gen_tps"": 23.1, ""prompt_n"": 20, ""pred_n"": 64, ""wall_s"": 3.2, ""tool_ok"": 0}, {""name"": ""vis-color"", ""ok"": 1, ""err"": """", ""gen_tps"": 22.9, ""prompt_n"": 1045, ""pred_n"": 79, ""wall_s"": 11.1, ""tool_ok"": 0}, {""name"": ""vis-circles"", ""ok"": 1, ""err"": """", ""gen_tps"": 22.8, ""prompt_n"": 1083, ""pred_n"": 28, ""wall_s"": 10.2, ""tool_ok"": 0}, {""name"": ""vis-ocr-screen"", ""ok"": 1, ""err"": """", ""gen_tps"": 22.9, ""prompt_n"": 1063, ""pred_n"": 200, ""wall_s"": 17.4, ""tool_ok"": 0}, {""name"": ""vis-desc-screen"", ""ok"": 1, ""err"": """", ""gen_tps"": 22.9, ""prompt_n"": 1055, ""pred_n"": 200, ""wall_s"": 17.3, ""tool_ok"": 0}]",[],2026-08-25 07:49:44
27.0,7077888,1,5.0,26.83,50.0,12,12,23.1,"[{""name"": ""qa-mult"", ""ok"": 1, ""err"": """", ""gen_tps"": 23.2, ""prompt_n"": 25, ""pred_n"": 18, ""wall_s"": 1.2, ""tool_ok"": 0}, {""name"": ""bash-ls5"", ""ok"": 1, ""err"": """", ""gen_tps"": 23.2, ""prompt_n"": 30, ""pred_n"": 200, ""wall_s"": 9.1, ""tool_ok"": 0}, {""name"": ""py-nth-prime"", ""ok"": 1, ""err"": """", ""gen_tps"": 23.2, ""prompt_n"": 21, ""pred_n"": 200, ""wall_s"": 9.0, ""tool_ok"": 0}, {""name"": ""bash-wc"", ""ok"": 1, ""err"": """", ""gen_tps"": 23.2, ""prompt_n"": 22, ""pred_n"": 200, ""wall_s"": 9.0, ""tool_ok"": 0}, {""name"": ""exit-code"", ""ok"": 1, ""err"": """", ""gen_tps"": 23.2, ""prompt_n"": 26, ""pred_n"": 107, ""wall_s"": 5.1, ""tool_ok"": 0}, {""name"": ""tool-run-shell"", ""ok"": 1, ""err"": """", ""gen_tps"": 23.0, ""prompt_n"": 277, ""pred_n"": 42, ""wall_s"": 3.5, ""tool_ok"": 1}, {""name"": ""tool-calc"", ""ok"": 1, ""err"": """", ""gen_tps"": 23.1, ""prompt_n"": 278, ""pred_n"": 52, ""wall_s"": 4.0, ""tool_ok"": 1}, {""name"": ""qa-capital"", ""ok"": 1, ""err"": """", ""gen_tps"": 23.2, ""prompt_n"": 20, ""pred_n"": 58, ""wall_s"": 2.9, ""tool_ok"": 0}, {""name"": ""vis-color"", ""ok"": 1, ""err"": """", ""gen_tps"": 23.0, ""prompt_n"": 1045, ""pred_n"": 68, ""wall_s"": 10.7, ""tool_ok"": 0}, {""name"": ""vis-circles"", ""ok"": 1, ""err"": """", ""gen_tps"": 22.8, ""prompt_n"": 1083, ""pred_n"": 32, ""wall_s"": 10.4, ""tool_ok"": 0}, {""name"": ""vis-ocr-screen"", ""ok"": 1, ""err"": """", ""gen_tps"": 22.9, ""prompt_n"": 1063, ""pred_n"": 200, ""wall_s"": 17.4, ""tool_ok"": 0}, {""name"": ""vis-desc-screen"", ""ok"": 1, ""err"": """", ""gen_tps"": 23.0, ""prompt_n"": 1055, ""pred_n"": 200, ""wall_s"": 17.3, ""tool_ok"": 0}]",[],2026-08-25 07:51:50
26.0,6815744,1,13.2,26.82,50.0,0,12,0.1,"[{""name"": ""qa-mult"", ""ok"": 1, ""err"": ""CATASTROPHIC DEGRADATION: 0.1 t/s, 190s wall (normal 1.2s/23.1tps)"", ""gen_tps"": 0.1, ""prompt_n"": 25, ""pred_n"": 18, ""wall_s"": 190.3, ""tool_ok"": 0}, {""name"": ""REST_ABORTED"", ""ok"": 0, ""err"": ""run aborted after qa-mult to restore production cap to 50 GiB; batch was thrashing at ~0.1 t/s (would take ~30min for 12 tasks)"", ""gen_tps"": 0, ""prompt_n"": 0, ""pred_n"": 0, ""wall_s"": 0, ""tool_ok"": 0}]","[""thrash: gtt_used 25.98 GiB == 26 GiB cap; generation collapsed to 0.1 t/s""]",2026-08-25 08:01:09
